country,AT,AT,AT,AT,AT,AT,AT,BA,BA,BA,BA,BA,BA,BA,BE,BE,BE,BE,BE,BE,BE,BG,BG,BG,BG,BG,BG,BG,CH,CH,CH,CH,CH,CH,CH,CZ,CZ,CZ,CZ,CZ,CZ,CZ,DE,DE,DE,DE,DE,DE,DE,DK,DK,DK,DK,DK,DK,DK,EE,EE,EE,EE,EE,EE,EE,ES,ES,ES,ES,ES,ES,ES,FI,FI,FI,FI,FI,FI,FI,FR,FR,FR,FR,FR,FR,FR,GB,GB,GB,GB,GB,GB,GB,GR,GR,GR,GR,GR,GR,GR,HR,HR,HR,HR,HR,HR,HR,HU,HU,HU,HU,HU,HU,HU,IE,IE,IE,IE,IE,IE,IE,IT,IT,IT,IT,IT,IT,IT,LT,LT,LT,LT,LT,LT,LT,LU,LU,LU,LU,LU,LU,LU,LV,LV,LV,LV,LV,LV,LV,NL,NL,NL,NL,NL,NL,NL,NO,NO,NO,NO,NO,NO,NO,PL,PL,PL,PL,PL,PL,PL,PT,PT,PT,PT,PT,PT,PT,RO,RO,RO,RO,RO,RO,RO,RS,RS,RS,RS,RS,RS,RS,SE,SE,SE,SE,SE,SE,SE,SI,SI,SI,SI,SI,SI,SI,SK,SK,SK,SK,SK,SK,SK
year,2020,2025,2030,2035,2040,2045,2050,2020,2025,2030,2035,2040,2045,2050,2020,2025,2030,2035,2040,2045,2050,2020,2025,2030,2035,2040,2045,2050,2020,2025,2030,2035,2040,2045,2050,2020,2025,2030,2035,2040,2045,2050,2020,2025,2030,2035,2040,2045,2050,2020,2025,2030,2035,2040,2045,2050,2020,2025,2030,2035,2040,2045,2050,2020,2025,2030,2035,2040,2045,2050,2020,2025,2030,2035,2040,2045,2050,2020,2025,2030,2035,2040,2045,2050,2020,2025,2030,2035,2040,2045,2050,2020,2025,2030,2035,2040,2045,2050,2020,2025,2030,2035,2040,2045,2050,2020,2025,2030,2035,2040,2045,2050,2020,2025,2030,2035,2040,2045,2050,2020,2025,2030,2035,2040,2045,2050,2020,2025,2030,2035,2040,2045,2050,2020,2025,2030,2035,2040,2045,2050,2020,2025,2030,2035,2040,2045,2050,2020,2025,2030,2035,2040,2045,2050,2020,2025,2030,2035,2040,2045,2050,2020,2025,2030,2035,2040,2045,2050,2020,2025,2030,2035,2040,2045,2050,2020,2025,2030,2035,2040,2045,2050,2020,2025,2030,2035,2040,2045,2050,2020,2025,2030,2035,2040,2045,2050,2020,2025,2030,2035,2040,2045,2050,2020,2025,2030,2035,2040,2045,2050
onwind,2.809989191011064,2.7464803487869323,2.5848495749333367,1.7504086955945666,1.3463152865607586,0.06576401328210929,0.002825004301641611,0.03479007013633179,0.03545382606174021,0.03652684066528853,0.03718353743647602,0.03323704278392762,0.032877840773567694,0.0013032029696171538,3.8824866263636633,3.8876083825352206,3.849632168689544,3.2908268561820333,1.705905345906548,0.05909615244788977,0.009527124986922623,0.6391341166404892,0.6328204317343603,0.5758849611776028,0.5575930384712771,0.026678320248398266,0.00318838507551449,0.0026250968775659586,0.058486801721774,0.05910440969376404,0.060492115745134266,0.05842432022596236,0.02165451834776888,0.0016260260211594195,0.0019217802423270379,0.45270264818204314,0.44748551554290383,0.4491079814335844,0.2926062887725043,0.06815476617683969,0.016523629180225735,0.015384373555685534,98.9777185345547,95.74053449792531,115.91942037842435,192.13654531836988,257.2174430191294,248.99267235684067,248.6716215805728,50.81340902221022,61.062304387244104,72.9510575576402,143.92695879495506,143.04753222864062,142.30874340840947,142.93167619371135,0.7648887130870142,4.264294868163399,8.482968821014225,10.634220165909614,10.403252193476101,10.269178077626814,10.284500982439475,24.388102079744773,22.96358866194876,16.21440883111966,8.139720815071067,1.9193396009869022,0.102163695557447,0.0015181743966875575,3.9272432457192923,20.720573901260003,33.414749238721015,46.95178997728165,60.64885325917683,69.25302889247662,71.72585546591137,22.824667073255625,136.02496093185633,284.77999389882564,289.0814846842637,282.36957961548256,273.9804157180278,274.06517276382084,64.04794903860535,122.72918159929067,235.93585358092145,266.86927497023873,255.82937281325172,237.36271785301787,318.68190828782355,2.594019311954443,2.5003470548183304,1.838747482236726,1.1679890416095275,0.467745481911957,0.0038746749320761552,0.0003820065575878003,0.49892193868854295,0.499521729427536,0.48454867854997397,0.47098262589763906,0.2757411112180865,0.003995727269113273,0.004390086221007557,0.44822630191561535,0.4488007961285871,0.43802091027091705,0.3369780661742503,0.029055186614942434,0.006094588401851219,0.006681707825990768,10.472702160503298,12.539150853221983,19.888208832207035,27.609934113790356,28.495049281584762,29.93928244971033,30.67664436865007,8.792467325223035,8.52175370947913,6.905758960721303,4.767049279563898,1.195194610787505,0.031017815393818485,0.004593011241253439,0.9138519311981428,0.8542819140621355,0.8079727954046902,0.6748650202443052,0.3582774064520435,0.02409431335209827,0.026737555156053982,0.23167630456133426,0.22847492278614248,0.21707497871549275,0.18158923860697634,0.11271751401215419,0.0066205360324597794,0.00748216974303509,0.12133283032117119,0.12023151073690827,4.595741575423674,6.151670205355603,8.107601752507588,10.042036419261773,10.063097748118075,9.100492209096382,61.968970850313355,76.08596726797275,73.93581210983088,71.39432647744941,67.81706107127478,68.09202210475975,2.014924008476652,2.0246731813992676,11.220311238051917,29.384204936716593,31.151234370863996,32.77081755543931,41.08528488926528,10.159767060409784,9.874846350641043,8.933169634366802,7.881537607790319,27.474576679046393,44.60696407181149,44.67834177503188,6.205646919158551,6.11716244314548,5.505909748730648,3.259668854590673,0.7335623332356249,0.0032552665875707648,0.0037022366820640444,3.0643074476148926,2.773446957126407,2.4505380073512195,2.344233877070767,0.5411716345633771,0.00453982989139525,0.0008611371074979077,0.01636921830701971,0.017056389975517918,0.01862891589918986,0.01925097986603762,0.01647365330217511,0.002044275026142421,0.002305123688638302,20.022307956394318,88.05650523508073,87.46241777230307,144.84109387091712,139.63309566369358,134.573835610583,134.84536820770236,0.001376712431285201,0.00146836237049957,0.0018338448918980709,0.0019893733407902927,0.0019047853904966099,0.0016729122216365831,0.0018682267046240134,0.0023122072591580272,0.002904888430215713,0.003816710609600422,0.0013589379265051224,0.005095043471397913,0.0058053045135063285,0.006516654413786209
offwind,0.0,0.0,0.0,0.0,0.0,0.0,0.0,0.0,0.0,0.0,0.0,0.0,0.0,0.0,4.012927105158591,4.0151383470524165,17.640148467815695,17.600900703133682,16.730584826823105,15.480528807224108,16.478242385528297,0.001137304481865591,0.0011952549199582307,0.0014887914781130836,0.0015765612492854738,0.004781947250452177,0.005095532727038985,0.005368958099281549,0.0,0.0,0.0,0.0,0.0,0.0,0.0,0.0,0.0,0.0,0.0,0.0,0.0,0.0,24.923714668672122,24.92850278845832,247.53313039777007,244.58708377652644,232.56765106088216,214.13628288019888,224.54268185209582,6.110201297431586,5.61015886177418,4.87767926990671,4.007068233106586,0.11281590241819292,0.11747706367482197,0.006491001056974849,0.010129106414279576,0.012432807569372562,0.01432577382842022,0.016028386518904116,0.5485056944545098,1.5240568352915815,2.1813838279466244,0.006647152510510972,0.006556765043965353,0.007710019227024001,0.00785449462540195,0.006763824328241181,0.0022028916766197284,0.0024854207460451396,0.3772115010119175,0.379848472696548,0.366356959347016,0.3469188342947188,0.31475193430492365,0.06925782598860224,0.07156905744849253,0.036164588739226566,0.03731985412130532,0.03974366250618832,28.966347634824782,108.30251301997677,136.7990240692843,146.8523157798467,39.22103277018166,38.8961200724759,37.561974176419945,122.8835141772689,200.51809636417747,233.54261070362355,240.42688753448184,0.006939757440139734,0.008258601797620045,0.06726820222512234,0.06593710547137925,3.5610154075687475,18.716222290394462,20.65239865469993,0.0022621109930364585,0.003422108033287984,0.0044134203607537874,0.0047719988745922965,0.011414642997252363,0.011830318769024796,0.012601429405414553,0.0,0.0,0.0,0.0,0.0,0.0,0.0,0.10846686068559785,0.10885751569553488,0.10532687126419958,0.0029672216519017977,0.017895786605397947,0.020180552171127367,0.022575144331026472,0.0023485180396819326,0.0027604675278445397,0.003555878016992911,0.00392287759566982,0.004817363971740443,0.005230655336693695,0.005616694150853367,0.006086126999790925,0.008576238486578019,0.26280683570894803,10.458520633458974,14.02591065795909,15.554197400413836,16.31440499359878,0.0,0.0,0.0,0.0,0.0,0.0,0.0,0.006835376521936373,0.01074621976960518,0.012474914833265804,0.012826262127226911,0.04517034221575458,0.0468409198050644,0.049378128508629986,5.340170352394392,5.133168027969357,18.75714029810382,52.497892662877554,62.619234092771585,94.27196142065077,99.78420272517812,0.010859226394583824,0.012663293884073988,0.01510492923826354,0.015969835530057035,0.07872214390867896,9.154101053960368,9.444020370871055,0.008499474702020315,0.014743216628135108,54.754196554568544,54.19356308937128,52.08503522451123,48.15084238520029,50.57810597708278,0.0015025326077319177,0.0016671286444655488,0.0021526948185356044,0.0023606593116883177,0.005606299729947088,0.005882472163603821,0.006383935228563067,0.004190204952200437,0.005158295001766367,0.008122558620102579,7.892702125124454,32.21648492852322,35.138630979208415,35.54186593995381,0.0,0.0,0.0,0.0,0.0,0.0,0.0,0.7759710151914685,0.7282694582874554,0.7191331363217855,0.2984619537502201,0.17099306263876776,0.011251716213138198,0.01249359344766734,0.0,0.0,0.0,0.0,0.0,0.0,0.0,0.0,0.0,0.0,0.0,0.0,0.0,0.0
solar,1.5792860919243121,1.5814006894583592,29.91772976837909,33.89502326908017,49.13964130663105,80.8285723041174,96.39530100658803,0.021157537558494265,0.09475069640528899,2.8522608323481218,3.8517937335076753,5.806853391031465,7.445751139323652,8.519788322154602,4.224118097146784,4.225945372832082,14.72457372249987,20.004227628612476,19.99357683845656,20.006468399412476,32.41951145102573,1.288823081172681,1.5558325189172784,13.25878708463858,17.44333640204234,31.19200108334333,31.690831454048578,31.152277497158256,2.497727748667912,2.5002784351822833,22.95306317362546,35.993603009327956,57.15085112673423,69.95320027225698,82.05689875808716,2.2064756178233456,2.2092214567941646,12.290777777476414,18.77463468717648,30.524869065381626,42.425730235710446,57.03090475732317,46.68976276542429,46.69895258489338,61.61768948821596,73.8585988708211,78.58516475325119,78.59363698353133,117.10935446781907,0.9444220385619198,0.9443469717211916,0.9468548402332578,0.947982491512135,0.9370182949334258,0.9424722561453974,0.948471730395793,0.007981488566255773,0.008394506995149341,0.010108013962663876,0.01043628021411946,0.01075945223302446,0.01239676139470786,0.014538889717996478,7.1778934508470185,90.8388611070268,130.19691667130104,285.4339812716266,326.7112733395557,336.7567067790192,385.85874561746004,0.08713274386341797,0.08774908034871974,0.08904990878453486,0.08952015242057969,0.08298058489062163,0.08544538355604417,0.08957341780860995,11.35749167090687,11.367149520926171,83.62427083830886,119.89654393015167,139.36597713381585,153.9543700633343,195.0728475611345,11.85530856320101,11.857701530930251,11.859817731554623,11.860927120803561,11.848586012675428,11.853760268295611,11.861457198732788,4.064275867891666,18.232167313028604,30.012551933228583,60.944781401687706,75.31733334053163,76.6332093751808,105.69740514729125,0.07298174700867523,4.7250736951683825,15.835398192438918,23.525175919323715,28.58544669294574,30.551164499104285,32.968392427377445,0.7790512978673003,0.7831718169694623,9.511637266307526,17.248447702740368,32.86502081552493,37.505029511743736,48.47644719481613,0.024958940463040966,0.02552786520120614,0.9434016196397846,1.2765366173613828,2.754049655170303,2.7596682331354168,4.790835868536948,26.82522441787475,117.0497517888006,157.47781228000366,305.69304374885667,377.9503819070146,411.50126146823715,499.01989672507864,0.07507728791119282,0.07576590024940981,0.7828100016250529,0.7832912924678759,0.7752235382603073,0.7788181287571936,0.7843722564662976,0.1423814553959653,0.14303214633698594,6.792265842515707,7.204299430166017,10.022540906441186,10.265366304573202,11.262796018337275,0.0037451953552561337,0.006001693944846933,0.011064154569553324,0.011392792416638844,0.0109011249836319,0.012578386703235973,0.014797405964089306,4.300027172224203,4.301472563796626,10.242010250406484,12.598793543759566,23.867231110194922,23.872330792639968,26.060327692557628,0.04811770960823346,0.04926528039669203,0.05062025587851903,0.05103750668710738,0.04509268104074529,0.047392214210256654,0.05101404615126417,0.4939911773043557,0.49673029129125496,27.042362777533807,33.222522395161356,33.2124479665424,33.21614432779032,33.22308517321225,1.0088193415729416,8.887435892640125,14.519634058116326,21.509896288911303,27.78030675087443,29.078827596167347,30.105129944095637,1.5904561096606427,1.5944073397407519,11.123371472154346,14.174202141359658,15.222715710492144,22.48173239181187,27.407669277928562,0.013660154914986903,0.47755294781335783,10.425449923576931,16.08298885011917,20.73829718005569,21.31370599744467,21.20108937123721,0.4336762154048311,0.43351785064193865,0.4357287063019934,0.43648110331070056,0.42696683176673805,0.4313158159739916,0.43687751767102295,0.2996739849605253,0.30095002860397907,0.5285486248153349,1.7540115735920672,1.7322126572541998,1.6872449282957862,1.6373424513219024,0.5953172780923914,0.5971415800741372,8.423979984807922,10.716708577692444,16.47319124307936,18.480181391819738,28.982670277895135
coal,8.873101167883984,3.7232311988052107,0.013358817974782947,0.005328760529339395,0.0010811371461702307,0.00028823785042560336,2.657384568176474e-05,0.005961398100274313,0.006087248963155516,0.002285414213044121,0.00047056228167208464,0.001321404671656944,0.0003024657761645808,2.6973503008913443e-05,6.161553995219027,1.9516242963681494,0.13394565169621517,0.0654844214195807,0.0012544920567886901,0.0002912069744730715,2.6580110062624765e-05,2.102552287545361,0.004842616272965846,0.002426987266985206,0.00027737057509091357,0.0010632389219653279,0.0002847400348193773,2.400862666714054e-05,0.005474270500777877,0.005581104299037164,0.0020957257852850576,0.0004578466686851767,0.0012926566519159955,0.0002919568977063234,2.628236031164938e-05,13.404502135023556,6.269313034142804,0.17990196259391789,0.14676826058372064,0.0287588999100711,0.00032078667361687397,2.7337117239452788e-05,157.2427211317149,54.67921569658739,1.6945745104395487,0.6205726838706752,0.13021846995111033,0.00031162170239743643,2.7047382546269016e-05,13.382441448519556,2.2552638281823008,0.278395098810123,0.007220775018664801,0.0034789144471305865,0.00028245984995644484,2.6311272724200214e-05,0.005601204644811557,0.005650890182452116,0.0018156523465626042,0.0005112305586545935,0.0013077866419657202,0.0002932727540848101,2.684285987865286e-05,23.899780516184418,0.6471897564513709,0.001122905657018286,0.00039307989443112336,0.0010318900725321105,0.0002762441118653352,2.5718450006617514e-05,12.015646629170751,1.7788032828587452,0.2173316472990827,0.013313887747680357,0.001042122114708206,0.00027971742546602224,2.643909289616715e-05,30.89929700808807,0.005124495128287824,0.00209564464134948,0.0005231064455685899,0.0012658469165790658,0.00028917377823969414,2.612288740298178e-05,4.67548965398664,0.004515871533306386,0.0018037090176618407,0.000498713754101473,0.0012411142961980556,0.0002865642734060056,2.6154498806630007e-05,8.131989855802214,2.747061730045571,0.02893139602331089,0.00045002206262693636,0.0013511830338003396,0.0002581427681947306,2.553637567228783e-05,1.8219165510884743,1.133141872707801,0.0316616497855989,0.0008043624835241852,0.0014726556656879243,0.00027564928605764116,2.6618287001853833e-05,0.35209302999612724,0.0048039560739557416,0.002138001774214883,0.0004724009378686478,0.0013092817953297249,0.00030105742582422156,2.705033972901871e-05,6.702824453054356,0.50924848406063,0.1674043396967743,0.15383473830427297,0.04615559118725275,0.000261215285312801,2.5990042230070234e-05,69.80885896384336,26.753634952285584,1.718247558314348,0.17879743803606943,0.01327824323467031,0.0003033437343818114,2.6390671391528913e-05,0.005221477407407951,0.0053555080116500006,0.0017304832715970332,0.0005011876103387884,0.0012996329439965075,0.00029493822127507656,2.6901741336936163e-05,0.005252918308132012,0.005470516436124248,0.0019939630111471996,0.0005647316776231676,0.0013402849161426975,0.00029862241907543024,2.6811509783463975e-05,0.005215606429372943,0.005352838445523114,0.0017278488010241159,0.0005027773500836427,0.0013060906481953064,0.0002947785533024656,2.689359316733448e-05,42.92335944502188,11.00105445885389,1.113870131343372,0.36400044588171926,0.08735640395438958,0.0003092587539809577,2.6766918515258492e-05,0.0051268184583720365,0.005307424297408445,0.0013413737141470892,0.0004111604203359488,0.0012029244510929904,0.0002811508685437082,2.592671353254913e-05,126.24533838237292,47.50014913800184,1.0346386851381657,1.0597424139395917,0.09799029169044587,0.0003152839883139904,2.7527517715231704e-05,15.367073804724754,5.07526238868575,0.08640505352840179,0.0004719060645095266,0.001074075695318436,0.0002796578424965484,2.5836098847727215e-05,3.251986715779428,0.00484845034689075,0.0011279133592279804,0.00040535995502475567,0.0010654871079999663,0.0002869621324573941,2.6571209303174825e-05,0.006162521846305579,0.00632650426487415,0.0024208776941121468,0.0004824771652622758,0.001326398821302008,0.0003023860308452981,2.6956317238100322e-05,1.1201158902481918,0.16889173385927186,0.030005442779075166,0.011877963730700908,0.004249389090795417,0.00029863566144258343,2.6524500517945092e-05,0.005344776396675496,0.005545162057663788,0.002139744378974644,0.00046254504170559793,0.001324059484609709,0.0002977725637662514,2.6674764777402142e-05,3.805841994221554,1.8010280665713583,0.055729142679442706,0.02669836252731909,0.00873158423646871,0.000291127059443413,2.7047784648192693e-05
oil,0.002061318548065159,0.0017633850182272363,0.0006104684313790165,0.0001896500256742084,0.0009456218558347779,0.0002766660575585729,2.7205867685038367e-05,0.0021942367716849716,0.0018639574820121308,0.0006313064757604087,0.0001924253970802325,0.0009507996480189602,0.00028027962074969105,2.7476910124892882e-05,0.002061431186201206,0.001859189251614635,0.0006530216631740515,0.00020259431940862965,0.0009487295769575243,0.00027458638594950467,2.7164266869248315e-05,0.0021312353032363453,0.0018884429770743816,0.000700358674776698,0.00019006310572617903,0.0009272912317602686,0.0002740439179114642,2.6891813900686848e-05,0.002061694086975756,0.0017632416649808746,0.0006189343606757649,0.00018846333823668737,0.0009292196153417745,0.00027154991169550284,2.676888076385606e-05,0.002052220802638523,0.0017622296601939686,0.0006100984568738365,0.00019183257986948589,0.0009658932535550494,0.0002819732572066249,2.76516619431815e-05,0.002109417873362153,0.0018076409561970576,0.0005932964442080356,0.00018363046694072974,0.0009394082072414846,0.0002763393062997507,2.734476901673298e-05,0.0020099642059824238,0.001670783965294778,0.0005639254315219309,0.00018059026959573,0.0009192357886413903,0.000270201644129637,2.694477154743621e-05,0.010719948068044532,0.001988600213883273,0.0005897965756499067,0.00018539425393586555,0.000942041897030728,0.000269750352843496,2.728630331883939e-05,0.0021478741965875337,0.001787794273198277,0.0006280303855567257,0.0001857948830015777,0.0009020244168354,0.00026361828543150175,2.6252876305750517e-05,0.03322072217791948,0.007945275495385297,0.0005939025980282829,0.00018300430149671264,0.0009271436768754264,0.00026728215638685137,2.7022144756552024e-05,0.0021463931416852355,0.008998362578620498,0.0064913199235062495,0.001154336277718302,0.000913586325773336,0.0002679737852732565,2.6609967781035515e-05,0.002123115710068093,0.0025480290481644874,0.0015976696493868597,0.00017722972778415783,0.0009020918940607084,0.00026586865154560934,2.6647822159473044e-05,0.0021212243814676146,0.0017674523152430746,0.0007143230918194661,0.00018540618631165802,0.0009070065907229486,0.0002683521486096402,2.6384997928765607e-05,0.00205992228186883,0.001823198573736034,0.0006251544809480815,0.0001916851283225821,0.0009441681339776763,0.0002789610022681864,2.7415652856125413e-05,0.0021384797078326818,0.0037361728528617693,0.000608105382512206,0.00019166601266153057,0.0009463280268539843,0.00028061822859451593,2.7585628957175642e-05,0.002016515857265367,0.0016938338229530398,0.0006059869035227797,0.00020632806114505214,0.000940328707598741,0.0002729211818352988,2.68743547822767e-05,0.0021451408767955305,0.0018124546294769075,0.0006331477960990209,0.0001892608831078787,0.0009353644503088985,0.00026846268350348717,2.6631535820398233e-05,0.002062794007095589,0.0017387253888546217,0.0005850164312885367,0.00018509897243592543,0.0009310192825478982,0.0002737132509863237,2.743482386067173e-05,0.002037447310610444,0.0017546472640631464,0.0006104284090187457,0.00018752711327117775,0.0009467907347081823,0.00027685517848334286,2.733435059052e-05,0.0021221338941680595,0.0017381989791969532,0.0005835530173778427,0.00018526063662416452,0.0009339593485174645,0.0002735897907473436,2.7427369899683532e-05,0.0020627445047269708,0.001738206821656808,0.0005998536524099399,0.00019601275373423832,0.0009406667706357955,0.00027256589515080776,2.7081818811795728e-05,0.002058484563057564,0.0017319885161550602,0.0005435675758741952,0.0001731724674595753,0.000881503352590866,0.0002620832282819263,2.641489808628652e-05,0.003087111891167248,0.001815480367235078,0.0006162388078950183,0.0001911226930413706,0.0009717328589050527,0.0002771893925941172,2.7828736486144476e-05,0.002067589259950228,0.0017343875417542023,0.0006191962964038322,0.00018573600123074794,0.0009130948508804069,0.0002682437840976037,2.6406677164875434e-05,0.002125390884542486,0.0018908063695705554,0.0006827661494932831,0.0001899376747933987,0.0009290982024971736,0.0002760752179356116,2.7186669101987744e-05,0.0022936972445193543,0.00198011602426738,0.0006953967863293285,0.00019305108574561698,0.0009526381905645883,0.0002802404363143197,2.7457084201949e-05,0.002266720594859107,0.007722983942906413,0.0005643896121718025,0.00017684472408011054,0.0008921967810834234,0.0002662099856390719,2.681511483593328e-05,0.002057327230657884,0.0017635797312683733,0.0006227786931986509,0.0001908808135556405,0.000944703647908656,0.00027645734282672586,2.7178474703266292e-05,0.0020488156123261675,0.0017611221148275172,0.0006081964246584999,0.0001916059545314688,0.0009635123053215516,0.0002822771030274332,2.7777288431446575e-05
lignite,0.00900595546662881,0.008944030582186674,0.0030824303664482976,0.0004712089575458649,0.001180994119689824,0.0002542921509931622,2.2543728677265036e-05,0.011577581000817344,0.0111668230018088,0.0033371987508091514,0.0004288823127024495,0.0011900306598723563,0.00025932524841146737,2.2743688618352826e-05,0.008938322340564665,0.009012120996529364,0.0030827758669251517,0.0005539510730677898,0.0011933146877351935,0.0002522339733698906,2.250672571338861e-05,10.994698920984737,10.991025431702564,0.8525014377302127,0.0004449127682867815,0.0012185500658470495,0.0002595557203523207,2.2471894814643798e-05,0.008961348706147667,0.00890605654313885,0.003114302987869886,0.00041752272089402864,0.0011529915459640193,0.0002501303458318305,2.2268319364657313e-05,6.350782371453238,6.338771440904424,0.24260491429684367,0.006422476123564973,0.0009897274464063146,0.0002498211513536375,2.2715088924785557e-05,87.2221460615444,61.69210154005302,3.467109234696065,0.5890724088621029,0.0013537399366748682,0.0002688305832640277,2.2767111068986284e-05,0.007499488237520301,0.007183362770314996,0.002214185898548388,0.0005041194944535272,0.0011435738384116035,0.00024808258870161084,2.23418060252439e-05,0.010060221546651508,0.009649996942833557,0.003063968705337886,0.0004579670187992598,0.0011799041497873124,0.0002518844858117971,2.261328604826873e-05,0.5612063591459764,0.006132693802561946,0.0026348507497923773,0.0002562986623863509,0.0009304965740728352,0.00023718233073621303,2.1843133109394723e-05,0.01079463883863727,0.010312297676986272,0.002469940149178958,0.00044222656911393533,0.0011487634861192717,0.0002487501692910957,2.2428423325159855e-05,0.008876642522584669,0.008971231742898898,0.003084574019873785,0.00053312189028535,0.0011501648512130729,0.0002476245288303009,2.21641045370392e-05,0.008257431557513517,0.007913339526573384,0.002308951639047973,0.0005082840008381075,0.001133802444718564,0.0002453568148279297,2.2162376543707197e-05,20.0618060463021,19.413302753764256,1.1600812893486248,0.00042123715386256633,0.0011781626650470508,0.00024272343498470022,2.1913888210250072e-05,0.008562754549967558,0.008735405093532187,0.003005568052475174,0.0004319433466216891,0.0011642927098196565,0.0002561435158982133,2.269347203811211e-05,10.330773275783582,2.7283886601353626,0.07595706878343372,0.00027106286190416233,0.0009841770277932572,0.00024943739056720177,2.2697862585638452e-05,0.007679544033938668,0.0074907012694598735,0.002557349528923752,0.0005582391640758,0.0011877560215238577,0.00024992834330882414,2.2289819849617905e-05,0.009016086007405517,0.00890129179853872,0.003446968742846317,0.0004199435030370306,0.0011476474062902097,0.0002496613573171155,2.2200028516175712e-05,0.008484889443697418,0.008388461013235751,0.0023922500766522022,0.0004527120251773255,0.0011582445594063677,0.00025145866744419586,2.267326807136379e-05,0.008348094156378003,0.008416553185956029,0.0027408923108960663,0.0005461604381916641,0.0011897171223189866,0.00025400334927221926,2.2610508145807518e-05,0.008522589086013834,0.008436237233669725,0.002453654376901716,0.0004519333708524236,0.0011635152269483247,0.00025144470600105235,2.2671803974201958e-05,0.008726449598347952,0.008530872752583582,0.0029042588076929753,0.0005224136730900182,0.0011854609979161659,0.00025054889680196533,2.2448276242257485e-05,0.0082040389208412,0.008160418445274454,0.0016302961655728432,0.0003766878359981629,0.0010784770020188272,0.00024164242271169548,2.1998639471685543e-05,60.95826615455837,60.85615339200987,3.701092201307081,0.1784504795956241,0.0009837519696040084,0.00024818077978805756,2.2852547112783755e-05,0.009127525369569931,0.008760103229157896,0.0035310006601851833,0.00040024328239082155,0.0011215621148194727,0.00024740513971054095,2.202321227377335e-05,29.123772718673756,11.711073713359053,0.0011744360775913197,0.0003678350783329279,0.00095813194038781,0.0002451508974962917,2.24414892387459e-05,0.012334489393585772,0.011965838377462814,0.003905732252546735,0.00043200607945753915,0.0011905087609990648,0.00025922830070198444,2.2733295633129028e-05,0.008364974071367727,0.008112165033755154,0.0020338939710663195,0.0004132811622393987,0.0011130518923438716,0.00024566382900654567,2.2266721896814302e-05,0.7282893569849787,0.7251116040943867,0.03156677807344547,0.0004883330409989299,0.0012905712027017245,0.00026174901338835475,2.2355694572013435e-05,0.008702684206091516,0.008696075640505799,0.0028263159967405484,0.0004603300632922998,0.0012080539013984237,0.0002587587979479987,2.2917493366524617e-05
nuclear,0.005241865790155101,0.005567738482203002,0.006828362031783755,0.007355163677912043,0.006427239306921187,0.0066324717296490305,0.006444748895417933,0.005739417712886207,0.0060931304586236135,0.007479180469095391,0.008033510028823182,0.007020756610717011,0.007105867176207076,0.006799375728234857,0.005616176202555528,0.005913608998110377,0.008144272886680294,0.008646039748213544,0.007053028384665229,0.007205985521165366,0.007441368693313274,17.51402038160614,17.521583079692466,0.005288797447372085,0.005783638714093743,0.004705259017691667,0.004790937979754175,0.004625177073351842,10.904203196255258,0.004802996895928493,0.0061293675801557335,0.006618961859411371,0.005939589425510001,0.006068288876545912,0.005998982613924353,23.308925025722704,23.311417633998364,18.56280319148456,17.987942160894338,14.712446721406145,0.013554476691901816,0.013194028430283096,105.53648701595212,72.09069521735486,0.016547212497670574,0.016767731345815187,0.014059492365432186,0.013474460530935626,0.013314003813090404,0.005804507128732423,0.005726771014652208,0.0068097586932395196,0.007459332404925503,0.006230263326227217,0.006446730066274192,0.006542216613913452,0.006132376354262835,0.006392496898830112,0.007842587264282889,0.00839110316806839,0.006786136843306878,0.006852356660732685,0.006862375394335486,62.34293849088136,26.618993483897185,0.003342551810456787,0.0036411606054197678,0.0034101962626823697,0.0037078081622349238,0.0037523271370931283,0.005841366679505627,0.006023955584209009,0.008124159035719197,0.008686164779806658,0.006991461579981502,0.00701142167338341,0.007071222646153112,395.1607588059787,99.86484066695184,0.0020004687727170956,0.0023073099509270997,0.003577708012634509,0.001739190685115866,0.0018916107581584908,63.30050306698196,21.1257726042044,9.808174907108949,9.096401721402923,0.006475996337582399,0.0065724545897967255,0.007013907723866785,0.0055594524357174034,0.005792381524075359,0.007050164969739768,0.008056874708021309,0.0068194573091362445,0.006832228437642591,0.006723740196618423,0.005328572618674958,0.005668431798840872,0.006905222609252425,0.007418975894194326,0.007940062601284005,0.007795285827626333,0.007472968467293187,16.52309910178087,0.00478883321705505,0.006111871378024745,0.0067171823012546344,0.005459507253603728,0.005618566924966372,0.0054093959945784,0.005457985051635633,0.005641444037257232,0.006841363819604441,0.007212561099813347,0.006077674051906845,0.0061751219413640895,0.006502894160722534,0.0049584818260182675,0.00526698498355755,0.007086254496649011,0.007967594326988481,0.006567838400159939,0.006634591110830952,0.006514837459867035,0.00555581475961948,0.005848769808517621,0.007257800940154863,0.007970145440251784,0.006397736074613067,0.006717454516243336,0.006778975184133236,0.005465964570651218,0.005886883925974178,0.007980014033201295,0.008485660986189589,0.0070422621227575035,0.007052865973517302,0.006946878471999175,0.006143537449369667,0.006417200526747164,0.007911052872887911,0.008476247603677801,0.006940074422033237,0.007019694038182067,0.0069921886208546315,0.005556785896024061,0.005714649045348025,0.007124809973909467,0.007529433300383711,0.006288442140931688,0.006464730778427777,0.006537057277284255,0.005968161741133935,0.006069112897096181,0.007357469787164716,0.007798478078785938,0.0061610825696826,0.006349279663462108,0.006638265300035748,0.004697662906158746,0.005077968483987258,0.0063459319380836845,0.006953308988494663,0.0058823845537766,0.006217650764517314,0.006277931020263408,0.005271052263257407,0.005504996820903816,0.00666505631788654,0.006860358267322514,0.005925163012006644,0.005992835414884392,0.005912109846963059,11.364690138520217,11.366814135943446,10.864151607528676,10.675529715699957,0.004320420051251086,0.004601432127564524,0.004471175316701496,0.0056951236495477045,0.006059826983443302,0.007327064227121306,0.007876485747916964,0.007339768113066646,0.007345822266287625,0.0069678911623849635,54.67203513119671,0.004467148770159741,0.006075260954776774,0.006790995330073859,0.0054800987877436395,0.005807056966934573,0.00021187122339880835,6.368193910582268,6.369725363653388,6.092064925258024,5.965364314225878,4.8181587215570385,4.206469102653989,0.004337682770778738,16.98914725888615,16.991968442941953,8.039262332104197,7.809556534015346,6.378619224994488,0.0026777398259828283,0.0027397210371039185
gas,12.474123667205717,25.537188038993037,30.939546530960286,13.831876437797726,5.751350429927696,2.323114686443151,0.9994143207874246,0.6562604916649839,0.9715568506072345,2.152270360617492,1.2827297103503623,0.8774495565839562,0.2511293303894672,0.11109392913326245,27.713328749190723,49.13210573256585,42.25987912309604,18.24384275018432,6.524617344293187,3.4131891636182314,1.7885467742199883,1.146237700420846,1.9966858834082482,15.90211203980295,13.546360837107402,3.9448897106191367,0.8021843544823356,0.15996075705171048,0.7281177762943473,7.287595072056474,20.846108095264825,11.68074838000493,5.655932719911234,2.206118308601689,0.9562773596537835,5.039137493998906,13.394368137871263,25.45600041968794,14.429811191531122,8.569098273149962,4.197750048181761,1.9935156550610569,42.78414790694223,159.93722626077073,116.66506488459531,50.02427466513655,25.788214568106223,13.296368817153978,7.444693800513317,2.614155709000961,2.843528276710093,0.09023439031759939,0.060664146082846,0.047397180649560486,0.026933457222711798,0.014196657556188375,2.7486481263683937,2.8237407958275265,1.899230822555408,1.405973071389019,0.36265792459814133,0.18189448402055683,0.1312185245861483,140.1434883482381,157.30721065025952,95.19012451668812,5.1288703499669985,0.01776449363669284,0.0023994418289010836,0.0003342363964872817,23.868845285654377,21.011377233312526,15.265915051607108,7.064930890358886,4.523367349077171,2.216951377974148,1.4771511599219334,28.228973338863927,93.9891331348429,122.50360788222646,57.95132268194338,19.411872233774524,8.331527255930617,3.8288968624557427,92.0610406035619,120.82094159627313,76.87793353029332,45.70698658876878,11.741950867605768,6.777690365057931,3.696185204386344,26.29397553119646,28.8807980014077,24.860831576175308,9.35466050583243,0.6816314478194444,0.0023967156474833788,0.0001797942107732928,2.349650973832182,5.468171449697565,7.859188456287253,3.800390955437088,2.1899601781367957,0.6798586889460116,0.2967900585117237,16.669435323314726,30.241600464420404,29.175808877428697,15.30200417111848,8.283631301252733,2.5820900653532237,1.2392062068179284,7.4434229878858424,12.746614185866777,9.900925657796625,2.2365593074194425,0.2196092896185277,0.13303084090549647,0.07914907031267933,232.34050377198855,237.4141825505217,117.72897442343059,21.485257135761117,0.010696758042350877,0.003157409524704004,0.0003955585541256936,7.628900406913059,10.962549643414539,6.209089930862065,1.1719036409562547,0.8631349204779765,0.4643258163910965,0.31063507255129125,1.3617711703459487,3.610495509957432,0.9610494772796317,0.5033099620857551,0.3222455317964324,0.18195253758469418,0.09874392236004853,7.800580244369918,9.780771687358586,5.457446787876449,0.9986984094163373,0.6587054719914006,0.3516277037507763,0.24987596037787457,54.780891222749474,73.07090590956233,43.21779945287132,29.795620011106486,2.562395139899019,1.397535339093525,0.7537168780679578,2.3463310105065127,7.61378407410522,1.9510947220561745,0.9068619029636968,0.5482627023410618,0.35078448853062,0.2101033544684444,1.72897242911731,32.97226002227122,50.63865652652685,25.150279765608502,16.001881917036645,7.479488440659478,4.593526647909808,16.658897574452137,19.054419479830337,17.986318891462094,3.9166725191892486,0.010101517507812631,0.0035311308155053073,0.0007069318826973833,11.329603105538785,21.401965125960555,31.981459605191304,19.1072649102999,7.837146010654388,2.325566063035274,0.637561373670823,7.530898052314606,6.633091092250497,11.410838216831964,6.450672252362029,4.726357909636431,1.3685087773077527,0.482786759513144,2.269063529794653,3.7773133148749722,1.120747340937937,0.06788667191715449,0.06161860099110915,0.03414901283625579,0.0190123411094361,0.61572878179784,1.2215184582207208,2.848598090495288,1.6534988018158072,0.9066755036748625,0.2690322453026057,0.11513832323570254,5.201289769239375,10.120280447812833,12.876650528006069,8.24392234780897,3.945459413793298,1.561365375484341,0.7792467814940013
hydro,26.640396845634754,26.64036165373516,26.639992804085832,26.640949411260664,26.620942059007774,26.62425752885782,26.634488383550686,3.4790054104877797,3.479176923213542,3.475571877467133,3.475799098855853,3.4552728622590707,3.452134270924856,3.465109531920085,0.2949224307944367,0.29500642443845265,0.29511296713899926,0.2950156191545842,0.2922298542877975,0.2927074529483956,0.2949065790729345,3.0447413222230106,3.04496522685712,3.036925404992779,3.0324441304851133,3.0035993687723996,3.0003099198736844,3.0217304638854117,31.281215077943617,31.28144769454409,31.281316206960433,31.281651580996474,31.268624267104,31.273192361353455,31.279671678396316,1.6745958651978048,1.6747486189219887,1.6750006496658305,1.6748432804179414,1.6684798816264923,1.6704620505855907,1.6737859890387177,16.467507584611663,16.467706839043135,16.468694178690125,16.469054479236075,16.457235444828328,16.46317276052306,16.468771384516824,0.0,0.0,0.0,0.0,0.0,0.0,0.0,0.0,0.0,0.0,0.0,0.0,0.0,0.0,23.986071402063605,23.984213886247254,23.96967174321203,23.959130502165863,23.89187662278563,23.905234670776295,23.958847846133732,13.460340692634363,13.460315439790534,13.46105331116913,13.461540328612196,13.448641463339158,13.45529901707605,13.461301490857092,51.72631734819271,51.72637531786004,51.727200126261394,51.72829423418751,51.71279503014533,51.72089992908457,51.72810404365016,4.256580153999938,4.2565377142186005,4.256824628334693,4.256933371812067,4.250176889971002,4.25379649828475,4.25693818877481,1.7594799959125282,1.75921597062699,1.751530124227596,1.7470931034317023,1.7325135364864748,1.736009344188636,1.7469436786287882,2.610235491598181,2.610430863090121,2.607550076897158,2.6075774510636647,2.592234086276477,2.590103048277977,2.5990149147741843,0.22894893301683666,0.22906554450014852,0.22871793562952114,0.22855492617786613,0.22398115590489842,0.22463294506279502,0.22691561991223144,0.7527553975622794,0.7528179852095869,0.7529094945141706,0.7528154433841484,0.7468592428750686,0.7495281859411834,0.7528186453311443,39.7324386333325,39.7279551576633,39.67960485147161,39.69123507633222,39.33516094851296,39.51982634865822,39.69039248592988,0.4533130134039991,0.4534459044249601,0.4537123511674723,0.45347733649574096,0.44629098930212585,0.4490644899266135,0.4531460923660108,0.0,0.0,0.0,0.0,0.0,0.0,0.0,2.439240692634138,2.4394344147514593,2.4399748509793815,2.4399312442034167,2.428768418210736,2.4339444622705906,2.439497940455205,0.10203916366366039,0.10199381697006765,0.10226276256973223,0.10202964175724008,0.09716427816383588,0.09917206117439933,0.10193021706670881,142.80135281956237,142.80145746181884,142.80243841246113,142.8027571053443,142.79078181137936,142.79653267735264,142.80251879980543,2.0665845395293427,2.0669277640409813,2.0673301274046416,2.067307612513289,2.057610834062586,2.061416278113205,2.0668132336448877,12.32573906435908,12.322825407728192,12.300177958955327,12.29217538898681,12.131302432800876,12.19223784003578,12.291851926114422,11.746587251866007,11.746759842391295,11.742107860292156,11.74395593597351,11.725649961462873,11.73089703636748,11.741984683252397,6.456543632183413,6.456590654485625,6.453753740368226,6.45456641935124,6.4418323730729785,6.43841328814135,6.449630748664719,68.95800755273396,68.95669796189549,68.95895717617606,68.96018331040736,68.94597887834881,68.95310900714315,68.96012605478681,1.9787861224270125,1.9790009444968955,1.9769627586142502,1.976884716026063,1.9632326409621434,1.9616067849377052,1.968587104287335,3.2568306218836005,3.25702368877857,3.25758576716456,3.257431121504054,3.246455463394283,3.248846972557729,3.253978859694385
